ml_top_ref,best_ml_top,best_ml_thickness,best_val_ml,best_val_dr,best_error
2714.8579373680896,2914.8579373680896,200,5.0,-1.5,0.4650191912764415
