ml_top_ref,best_ml_top,best_ml_thickness,best_val_ml,best_val_dr,best_error
2784.2958427637263,2984.2958427637263,200,6.0,-1.5,0.17895597781280548
