ml_top_ref,best_ml_top,best_ml_thickness,best_val_ml,best_val_dr,best_error
2853.2989014422055,3053.2989014422055,200,6.0,-1.5,0.28795604242810197
