ml_top_ref,best_ml_top,best_ml_thickness,best_val_ml,best_val_dr,best_error
2828.6498436508614,3028.6498436508614,200,6.0,-1.5,0.20963408798249566
