ml_top_ref,best_ml_top,best_ml_thickness,best_val_ml,best_val_dr,best_error
2787.3685233970646,2987.3685233970646,200,6.0,-1.5,0.22343086299881815
