ml_top_ref,best_ml_top,best_ml_thickness,best_val_ml,best_val_dr,best_error
2779.4517726855447,2979.4517726855447,200,6.0,-1.5,0.2080873575374374
