ml_top_ref,best_ml_top,best_ml_thickness,best_val_ml,best_val_dr,best_error
2790.9210078696715,2990.9210078696715,200,6.0,-1.5,0.19334009825787882
