ml_top_ref,best_ml_top,best_ml_thickness,best_val_ml,best_val_dr,best_error
2663.8448452230323,2863.8448452230323,200,5.0,-1.5,0.22532285736824287
